Target,URL
Paypal,https://www.paypal.com/us/home
Paypal,https://www.paypal.com/us/webapps/mpp/about
Paypal,https://www.paypal.com/stories/us
Paypal,https://www.paypal.com/us/webapps/mpp/jobs
Paypal,https://investor.paypal-corp.com/
Paypal,https://www.paypal.com/us/webapps/mpp/public-policy
Paypal,https://www.paypal.com/us/webapps/mpp/full-sitemap
Paypal,https://www.paypal.com/us/webapps/mpp/enterprise
Paypal,https://www.paypal.com/us/webapps/mpp/partner-program
Paypal,https://www.paypal.com/us/webapps/mpp/ua/privacy-full
Paypal,https://www.paypal.com/us/webapps/mpp/ua/legalhub-full
Paypal,https://www.paypal.com/us/webapps/mpp/account-selection
Paypal,https://www.paypal.com/us/webapps/mpp/merchant
Paypal,https://www.paypal.com/us/webapps/mpp/paypal-safety-and-security
Paypal,https://www.paypal.com/us/webapps/mpp/paypal-credit
Paypal,https://www.paypal.com/us/webapps/mpp/pay-online
Paypal,https://www.paypal.com/us/webapps/mpp/getting-started/get-account/overview
Paypal,https://www.paypal.com/us/selfhelp/article/What-are-the-fees-for-PayPal-accounts-FAQ690
Paypal,https://www.paypal.com/us/webapps/mpp/pay-in-stores
Paypal,https://www.paypal.com/us/webapps/mpp/pay-on-ebay
Paypal,https://www.paypal.com/us/webapps/mpp/about-paypal-products
Paypal,https://www.paypal.com/us/webapps/mpp/merchant
Paypal,https://www.paypal.com/us/webapps/mpp/merchant-working-capital
Paypal,https://www.paypal.com/us/webapps/mpp/credit-card-reader
Paypal,https://www.paypal.com/us/webapps/mpp/express-checkout
Paypal,https://www.paypal.com/us/webapps/mpp/point-of-sale-systems
Paypal,https://www.paypal.com/us/webapps/mpp/send-money-online
Paypal,https://www.paypal.com/us/webapps/mpp/requesting-payments
Paypal,https://www.paypal.com/deals/
Paypal,https://www.paypal.com/deals/?view=details&offerId=5YMLNDBRKA2AA
Paypal,https://www.paypal.com/deals/?view=details&offerId=TRT7H4ZUNAFX4
Paypal,https://www.paypal.com/deals/?view=details&offerId=57MR324RTYLCC
Paypal,https://www.paypal.com/deals/?view=details&offerId=A4UPQMKRFMXWS
Paypal,https://www.paypal.com/deals/?view=details&offerId=X277BSXD8ZGW6
Paypal,https://www.paypal.com/deals/?view=details&offerId=6GW947Y3FLA4E
Paypal,https://www.paypal.com/deals/?view=details&offerId=3J9CJCVVC2N8L
Paypal,https://www.paypal.com/deals/?view=details&offerId=BF7XXFZD7FTGA
Paypal,https://www.paypal.com/deals/?view=details&offerId=J54GTT6K9LSMW
Paypal,https://www.paypal.com/deals/?view=details&offerId=F392KMW5V9KTU
Paypal,https://www.paypal.com/deals/?view=details&offerId=PR3GLD3KAA5QG
Paypal,https://www.paypal.com/us/webapps/mpp/returns
Paypal,https://www.paypal.com/us/webapps/mpp/returns/terms
Paypal,https://www.paypal.com/us/webapps/mpp/paypal-safety-and-security
Paypal,https://www.paypal.com/us/webapps/mpp/security/seller-protection
Paypal,https://www.paypal.com/us/webapps/mpp/social-innovation
Paypal,https://www.paypal.com/us/webapps/mpp/social-innovation/powering-giving
Paypal,https://www.paypal.com/fundraiser/hub
Paypal,https://www.paypal.com/stories/us/information-about-our-paypal-giving-fund-program
Paypal,https://www.paypal.com/stories/us/delivering-the-choice-and-flexibility-of-digital-payments
Paypal,https://www.paypal.com/stories/us/enabling-more-mobile-payments-in-partnership-with-google
Paypal,https://www.paypal.com/stories/us/paypal-credit-gives-a-boost-to-small-businesses
Paypal,https://www.paypal.com/stories/us/values-aligned-collaboration-unleashing-financial-health
Paypal,https://www.paypal.com/stories/us/cross-border-trade-paypals-400b-business
Paypal,https://www.paypal.com/stories/us/helping-take-the-pain-out-of-tax-time-for-small-business-owners
Paypal,https://www.paypal.com/stories/us/paypals-jayashree-sundaresan-channels-energy-into-positive-work
Paypal,https://www.paypal.com/stories/us/from-the-marine-corps-to-paypal-finding-purpose-after-service
Paypal,https://www.paypal.com/stories/us/irs-and-zoho-books-now-integrated-with-paypal
Paypal,https://www.paypal.com/stories/us/paypals-cnow-east-learning-engaging-with-mid-market-merchants
Paypal,https://www.paypal.com/stories/us/3-tax-season-success-tips-for-small-business-owners
Paypal,https://www.paypal.com/stories/us/digital-remittances-and-global-financial-health
Paypal,https://www.paypal.com/stories/us/mobile-world-congress-2017-context-the-next-gen-of-commerce
Paypal,https://www.paypal.com/stories/us/thank-you-to-our-community-of-customers
Paypal,https://www.paypal.com/stories/us/paypal-mobile-leadership-extends
Paypal,https://www.paypal.com/stories/us/xoom-employee-cooks-her-way-into-masterchef-indias-semifinals
Paypal,https://www.paypal.com/stories/us/paypal-to-acquire-tio-networks
Paypal,https://www.paypal.com/stories/us/paypal-delivers-on-customer-choice-11-partnerships-in-11-months
Paypal,https://www.paypal.com/stories/us/new-product-enhancements-built-with-and-for-small-businesses
Paypal,https://www.paypal.com/stories/us/sending-money-now-theres-a-bot-for-that
Paypal,https://www.paypal.com/stories/us/paypal-employee-puts-her-new-heart-to-good-use
Paypal,https://www.paypal.com/stories/us/digital-media-plays-on-merchants-must-stay-on-the-beat
Paypal,https://www.paypal.com/stories/us/four-ways-to-avoid-shopping-cart-abandonment
Paypal,https://www.paypal.com/stories/us/supporting-our-colleagues-around-the-world
Paypal,https://www.paypal.com/stories/us/paypals-fourth-quarter-and-full-year-2016-results
Paypal,https://www.paypal.com/stories/us/get-creative-this-valentines-day-shop-the-globe-with-paypal
Paypal,https://www.paypal.com/stories/us/the-dos-donts-of-starting-a-new-business
Paypal,https://www.paypal.com/stories/us/airbnbs-belinda-johnson-joins-paypals-board
Paypal,https://www.paypal.com/stories/us/6-things-to-consider-when-choosing-a-payments-processor
Paypal,https://www.paypal.com/stories/us/paypal-discover-partner-to-deliver-better-purchasing-experience
Paypal,https://www.paypal.com/stories/us/mark-your-calendars-us-merchant-2017-sales-tax-filing-dates
Paypal,https://www.paypal.com/stories/us/paypal-exceeds-971-million-in-charitable-giving-this-holiday
Paypal,https://www.paypal.com/stories/us/5-keys-to-sales-tax-compliance-for-us-online-sales
Paypal,https://www.paypal.com/stories/us/4-must-remember-tips-when-filing-your-sales-tax-returns
Paypal,https://www.paypal.com/stories/us/smart-resolutions-for-small-businesses-in-2017
Paypal,https://www.paypal.com/stories/us/paypal-partners-with-the-atlantic-to-host-inclusion-workshop
Paypal,https://www.paypal.com/stories/us/a-healthy-social-media-strategy-this-holiday-season-and-beyond
Paypal,https://www.paypal.com/stories/us/paypal-cash-adds-8-000-7-eleven-stores-to-its-us-availability
Paypal,https://www.paypal.com/stories/us/paypal-partners-with-citi-and-fis-to-drive-incremental-spend
Paypal,https://www.paypal.com/stories/us/how-a-small-specialty-ring-merchant-expanded-globally-with-paypal
Paypal,https://www.paypal.com/stories/us/paypal-named-best-place-to-work-for-lgbtq-equality
Paypal,https://www.paypal.com/stories/us/3-holiday-shopping-trends-from-thanksgiving-to-givingtuesday
Paypal,https://www.paypal.com/stories/us/gift-money-in-style-this-holiday-with-paypal-jonathan-adler
Paypal,https://www.paypal.com/stories/us/paypal-users-donated-more-than-48-million-on-givingtuesday
Paypal,https://www.paypal.com/stories/us/simplifying-payments-for-entrepreneurs-on-squarespace
Paypal,https://www.paypal.com/stories/us/paypal-delivers-business-services-on-the-go
Paypal,https://www.paypal.com/stories/us/paypal-holiday-shopping-data-shows-strong-mobile-growth
Paypal,https://www.paypal.com/stories/us/tis-the-season-turbocharging-sales-for-the-next-100-hours
Paypal,https://www.paypal.com/stories/us/6-tips-to-get-mobile-ready-for-holiday-season
Paypal,https://www.paypal.com/stories/us/how-this-holiday-merchant-managed-skyrocketing-growth
Paypal,https://www.paypal.com/stories/us/5-things-to-do-in-south-africa-with-paypal
Paypal,https://www.paypal.com/stories/us/tis-the-season-to-give-cheer
Paypal,https://www.paypal.com/stories/us/increase-sales-this-holiday-season-with-international-shoppers
Paypal,https://www.paypal.com/stories/us/5-things-to-do-in-kenya-with-paypal
Paypal,https://www.paypal.com/stories/us/offering-your-customers-financing-options-can-impact-sales
Paypal,https://www.paypal.com/stories/us/getting-deals-at-the-worlds-biggest-global-shopping-events
Paypal,https://www.paypal.com/stories/us/hey-siri-sending-receiving-money-with-paypal-is-now-easier
Paypal,https://www.paypal.com/stories/us/make-the-most-of-social-media-as-a-sales-channel
Paypal,https://www.paypal.com/stories/us/five-tips-to-tackle-the-digital-goods-economy
Paypal,https://www.paypal.com/stories/us/anatomy-of-a-good-promotion-part-3-promotion
Paypal,https://www.paypal.com/stories/us/anatomy-of-a-good-promotion-part-2-the-structure
Paypal,https://www.paypal.com/stories/us/anatomy-of-a-good-promotion-part-1-planning
Paypal,https://www.paypal.com/stories/us/holiday-predictions-big-buys-bathrooms-and-binge-watching
Paypal,https://www.paypal.com/stories/us/get-invoices-paid-twice-as-fast
Paypal,https://www.paypal.com/stories/us/paypal-enhances-payment-experience-for-facebook-and-messenger
Paypal,https://www.paypal.com/stories/us/paypal-and-xoom-make-it-easier-to-send-and-request-money-abroad
Paypal,https://www.paypal.com/stories/us/get-selling-in-time-for-the-holidays-start-with-an-ebay-store
Paypal,https://www.paypal.com/stories/us/how-you-can-help-people-affected-by-hurricane-matthew
Paypal,https://www.paypal.com/stories/us/make-this-holiday-season-your-best-yet
Paypal,https://www.paypal.com/stories/us/the-paypal-and-kiva-connection-a-shared-mission
Paypal,https://www.paypal.com/stories/us/tools-for-supersizing-your-holiday-giving-revenues
Paypal,https://www.paypal.com/stories/us/paypal-kiva-celebrating-ten-years-of-making-a-difference
Paypal,https://www.paypal.com/stories/us/improving-the-donate-button-for-bigger-bucks
Paypal,https://www.paypal.com/stories/us/increase-your-sales-this-holiday-6-tips-to-improve-checkout
Paypal,https://www.paypal.com/stories/us/paylease-and-paypal-partner-to-simplify-payments-in-rental-market
Paypal,https://www.paypal.com/stories/us/making-school-payments-easy-for-staff-parents-and-volunteers
Paypal,https://www.paypal.com/stories/us/braintree-sees-continued-growth-3-years-into-acquisition
Paypal,https://www.paypal.com/stories/us/paypals-darrell-esch-shares-working-capital-success-on-cbc-panel
Paypal,https://www.paypal.com/stories/us/parent-friendly-ways-to-raise-money-for-your-school
Paypal,https://www.paypal.com/stories/us/paypal-and-partners-deliver-new-experiences-this-holiday-season
Paypal,https://www.paypal.com/stories/us/volusion-integrates-paypal-simplifying-merchant-checkout
Paypal,https://www.paypal.com/stories/us/paypal-and-mastercard-expand-partnership
Paypal,https://www.paypal.com/stories/us/study-finds-payment-method-matters-when-donating-to-charity
Paypal,https://www.paypal.com/stories/us/obstacles-in-life-may-be-blessings-if-you-keep-your-mind-open
Paypal,https://www.paypal.com/fundraiser/charity/48752
Paypal,https://www.paypal.com/fundraiser/charity/30238
Paypal,https://www.paypal.com/fundraiser/charity/5153
Paypal,https://www.paypal.com/fundraiser/charity/4980
Paypal,https://www.paypal.com/fundraiser/charity/1443
Paypal,https://www.paypal.com/fundraiser/charity/5217
Paypal,https://www.paypal.com/us/webapps/mpp/jobs/culture
Paypal,https://www.paypal.com/us/webapps/mpp/jobs/benefits
Paypal,https://www.paypal.com/us/webapps/mpp/jobs/people
Paypal,https://www.paypal.com/us/webapps/mpp/jobs/students-and-grads
Paypal,https://www.paypal.com/us/webapps/mpp/jobs/jobs-by-category
Paypal,https://www.paypal.com/us/webapps/mpp/jobs/locations
Paypal,https://www.paypal.com/us/webapps/mpp/jobs/companies
Paypal,https://www.paypal.com/us/webapps/mpp/paypal-payments-pro
Paypal,https://www.paypal.com/stories/us/cardless-cash-powered-by-paydiant-and-fis-coming-to-70k-pai-atms
Paypal,https://www.paypal.com/stories/us/paypal-app-makes-it-easier-for-android-users-to-login
Paypal,https://www.paypal.com/stories/us/get-ahead-of-the-class-this-back-to-school-season
Paypal,https://www.paypal.com/stories/us/building-an-inclusive-and-diverse-workforce-at-paypal
Paypal,https://www.paypal.com/stories/us/the-secret-to-successfully-balancing-multiple-passions-and-goals
Paypal,https://www.paypal.com/stories/us/go-cashless-at-outside-lands-and-save-5
Paypal,https://www.paypal.com/stories/us/celebrating-one-year-as-pypl
Paypal,https://www.paypal.com/stories/us/venmo-users-can-now-pay-with-venmo-in-a-number-of-merchant-apps
Paypal,https://www.paypal.com/stories/us/embrace-your-differences-and-use-them-to-propel-you-forward
Paypal,https://www.paypal.com/stories/us/paypal-reports-second-quarter-results-raises-revenue-outlook
Paypal,https://www.paypal.com/stories/us/paypal-visa-enter-partnership-to-extend-consumer-payment-choice
Paypal,https://www.paypal.com/stories/us/how-2-billion-turned-dreams-into-reality
Paypal,https://www.paypal.com/stories/us/now-you-can-support-your-favorite-causes-in-the-paypal-app
Paypal,https://www.paypal.com/stories/us/women-recharge-and-reenter-the-workforce
Paypal,https://www.paypal.com/stories/us/how-paypal-working-capital-helps-bee-raw-prepare-for-the-holidays
Paypal,https://www.paypal.com/stories/us/a-locals-guide-to-chicago
Paypal,https://www.paypal.com/stories/us/riobypaypal-travel-to-rio-de-janeiro-with-paypal
Paypal,https://www.paypal.com/stories/us/a-locals-guide-to-miami
Paypal,https://www.paypal.com/stories/us/a-locals-guide-to-san-francisco
Paypal,https://www.paypal.com/stories/us/first-lady-announces-paypals-support-for-let-girls-learn
Paypal,https://www.paypal.com/stories/us/travel-with-paypal-big-fun-without-big-bills
Paypal,https://www.paypal.com/stories/us/new-money-has-no-boundaries
Paypal,https://www.paypal.com/stories/us/a-locals-guide-to-new-york-city
Paypal,https://www.paypal.com/stories/us/the-benefits-of-finding-a-job-that-isnt-quot-workquot
Paypal,https://www.paypal.com/stories/us/edbacker-is-innovating-k-12-school-fundraising-powered-by-paypal
Paypal,https://www.paypal.com/stories/us/paypal-giving-fund-offers-charities-new-fundraising-opportunities
Paypal,https://www.paypal.com/stories/us/paypals-devin-whitney-talks-workplace-equality
Paypal,https://www.paypal.com/stories/us/business-tips-from-shopifys-build-a-business-winners
Paypal,https://www.paypal.com/stories/us/its-time-to-upgrade-to-version-60-of-the-paypal-app
Paypal,https://www.paypal.com/stories/us/paypal-team-named-a-winner-at-iot-worlds-smart-city-hackathon
Paypal,https://www.paypal.com/stories/us/paypal-hosts-first-us-small-merchant-advocacy-day
Paypal,https://www.paypal.com/stories/us/dont-underestimate-the-power-of-serendipity
Paypal,https://www.paypal.com/stories/us/join-the-fun-raising-and-donate-to-red-nose-day
Paypal,https://www.paypal.com/stories/us/mayor-liccardo-and-paypal-welcome-kiva-zip-to-san-jose
Paypal,https://www.paypal.com/stories/us/paypals-ted-sargent-to-make-solo-sail-around-ireland-for-charity
Paypal,https://www.paypal.com/stories/us/shop-mothers-day-gifts-from-paypals-featured-small-businesses
Paypal,https://www.paypal.com/stories/us/celebrating-national-small-business-week-with-jedi-robes
Paypal,https://www.paypal.com/stories/us/rebels-with-a-cause-how-millennials-are-changing-the-world
Paypal,https://www.paypal.com/stories/us/5-words-that-define-national-small-business-week
Paypal,https://www.paypal.com/stories/us/mental-health-month-small-business-spotlight-wear-your-label
Paypal,https://www.paypal.com/stories/us/paypal-invests-in-acorns-the-fastest-growing-micro-investing-app
Paypal,https://www.paypal.com/stories/us/celebrating-mini-paypalers-at-take-your-kid-to-work-day
Paypal,https://www.paypal.com/stories/us/beyond-financial-literacy
Paypal,https://www.paypal.com/stories/us/twitter-chat-recap-tips-on-launching-a-global-ecommerce-business
Paypal,https://www.paypal.com/stories/us/xoom-expands-digital-money-transfer-services-to-11-countries
Paypal,https://www.paypal.com/stories/us/paypal-reports-strong-first-quarter-results
Paypal,https://www.paypal.com/stories/us/entrepreneurs-on-a-social-mission-luminaid
Paypal,https://www.paypal.com/stories/us/entrepreneurs-on-a-social-mission-pura-vida-bracelets
Paypal,https://www.paypal.com/stories/us/entrepreneurs-on-a-social-mission-peanut-butter-americano
Paypal,https://www.paypal.com/stories/us/the-power-of-partnering
Paypal,https://www.paypal.com/stories/us/how-you-can-boost-financial-health-around-the-world
Paypal,https://www.paypal.com/stories/us/extending-financial-services-to-underserved-populations
Paypal,https://www.paypal.com/stories/us/uniting-to-support-gender-equality
Paypal,https://www.paypal.com/stories/us/eta-transact-2016-delivering-choice-opening-opportunity
Paypal,https://www.paypal.com/stories/us/ecuador-earthquake-heres-how-you-can-help
Paypal,https://www.paypal.com/stories/us/paypal-adds-chief-compliance-officer-to-executive-leadership-team
Paypal,https://www.paypal.com/stories/us/how-millennial-entrepreneurs-manage-their-financial-health
Paypal,https://www.paypal.com/stories/us/the-whole-community-is-greater-than-the-sum-of-its-parts
Paypal,https://www.paypal.com/stories/us/four-small-business-owners-share-paypal-success-stories
Paypal,https://www.paypal.com/stories/us/paypal-currency-latin-america-blooms
Paypal,https://www.paypal.com/stories/us/finding-perspective-on-top-of-the-worlds-tallest-mountain
Paypal,https://www.paypal.com/stories/us/the-top-six-money-myths
Paypal,https://www.paypal.com/stories/us/paypals-mj-austin-wins-svbjs-women-of-influence-award
Paypal,https://www.paypal.com/stories/us/paypal-and-ivyrevel-fuse-fashion-and-tech-innovation
Paypal,https://www.paypal.com/stories/us/paypal-woocommerce-expand-digital-payment-integration-extension
Paypal,https://www.paypal.com/stories/us/easy-payments-with-paypal-credit-puts-quality-within-reach
Paypal,https://www.paypal.com/stories/us/paypal-withdraws-plan-for-charlotte-expansion
Paypal,https://www.paypal.com/stories/us/celebrating-10-years-of-mobile-innovation
Paypal,https://www.paypal.com/us/webapps/mpp/merchant-fees
Paypal,https://www.paypal.com/webapps/mpp/ua/useragreement-full?locale.x=en_US#micropayments-fees
Paypal,https://www.paypal.com/us/webapps/mpp/ua/acceptableuse-full?locale.x=en_US
Paypal,https://www.paypal.com/us/selfhelp/home
Paypal,https://www.paypal.com/us/selfhelp/article/can-i-cancel-a-paypal-payment-faq637
Paypal,https://www.paypal.com/us/selfhelp/article/how-do-i-link-a-debit-or-credit-card-to-my-paypal-account-faq826
Paypal,https://www.paypal.com/us/selfhelp/article/i-forgot-my-password.-how-do-i-reset-it-faq1933
Paypal,https://www.paypal.com/us/selfhelp/article/what-is-the-resolution-center-faq3327
Paypal,https://www.paypal.com/us/selfhelp/article/common-1099-and-tax-related-questions-faq3405
Paypal,https://www.paypal.com/us/selfhelp/article/how-does-paypal-report-my-sales-to-the-irs-will-i-receive-a-1099-tax-statement-faq729
Paypal,https://www.paypal.com/us/selfhelp/article/how-do-i-find-my-1099-tax-statement-in-my-paypal-account-faq919
Paypal,https://www.paypal.com/us/selfhelp/article/how-do-i-download-my-transaction-history-faq1007
Paypal,https://www.paypal.com/us/selfhelp/article/common-1099-and-tax-related-questions-faq3404
Paypal,https://www.paypal.com/us/selfhelp/article/how-do-i-change-the-name-on-my-paypal-business-account-faq705
Paypal,https://www.paypal.com/us/selfhelp/article/how-do-i-view-or-edit-my-account-information-faq772/1
Paypal,https://www.paypal-prepaid.com/prepaid-debit-card/applyNow.m?AID=P_NS_CORP&SiteID=Button1
Paypal,https://www.paypal-prepaid.com/faq.shtml
Paypal,https://www.paypal.com/us/selfhelp/article/what-are-the-fees-for-paypal-accounts-faq690
Paypal,https://www.paypal.com/us/selfhelp/article/how-do-i-view-or-edit-my-account-information-faq772
Paypal,https://www.paypal.com/us/selfhelp/article/how-do-i-change-my-password-and-security-questions-faq1440
Paypal,https://www.paypal.com/us/selfhelp/article/how-do-i-send-money-faq1684
Paypal,https://www.paypal.com/us/selfhelp/article/how-do-i-issue-a-full-or-partial-refund-faq780
Paypal,https://www.paypal.com/us/selfhelp/topic/CLOSE_A_DISPUTE
Paypal,https://www.paypal.com/us/selfhelp/article/how-do-i-report-a-billing-issue-faq3421
Paypal,https://www.paypal.com/us/selfhelp/article/what-is-paypal's-infringement-report-process-faq561
Paypal,https://www.paypal.com/us/selfhelp/article/how-can-i-report-a-problem-faq2337
Paypal,https://www.paypal.com/us/selfhelp/article/why-is-my-payment-on-hold-or-unavailable-faq1987
Paypal,https://www.paypal.com/us/selfhelp/article/why-is-my-payment-from-a-sale-on-ebay-on-hold-faq1377
Paypal,"https://www.paypal.com/us/selfhelp/article/what%E2%80%99s-the-difference-between-the-paypal-(consumer)-app,-the-business-app-and-paypal-here-faq3384"
Paypal,https://www.paypal.com/us/selfhelp/article/learn-paypal-here%E2%84%A2-basics-faq2402
Paypal,https://www.paypal.com/us/selfhelp/article/how-do-i-find-my-paypal-credit-account-number-faq3035
Facebook,https://www.facebook.com/
Facebook,https://www.facebook.com/about/privacy/
Facebook,https://www.facebook.com/help/1561485474074139
Facebook,https://www.facebook.com/help/mobile-basic/570785306433644/?helpref=hc_fnav
Facebook,https://www.facebook.com/help/?helpref=hc_global_nav
Facebook,https://www.facebook.com/help/188157731232424?helpref=topq
Facebook,https://www.facebook.com/help/185285184853471?helpref=topq
Facebook,https://www.facebook.com/help/105487009541643?helpref=topq
Facebook,https://www.facebook.com/help/213395615347144?helpref=topq
Facebook,https://www.facebook.com/help/124904560921566?helpref=topq
Facebook,https://www.facebook.com/facebook
Facebook,https://www.facebook.com/pg/facebook/about/?ref=page_internal
Facebook,https://www.facebook.com/pg/facebook/photos/?ref=page_internal
Facebook,https://www.facebook.com/pg/facebook/events/?ref=page_internal
Facebook,https://www.facebook.com/pg/facebook/videos/?ref=page_internal
Facebook,https://www.facebook.com/facebook/app/412211525498027/
Facebook,https://www.facebook.com/pg/facebook/likes/?ref=page_internal
Facebook,https://www.facebook.com/facebook/app/354007031319571/
Facebook,https://www.facebook.com/pg/facebook/posts/?ref=page_internal
Facebook,https://www.facebook.com/pg/facebook/locations/?ref=page_internal
Facebook,https://www.facebook.com/pg/facebook/notes/?ref=page_internal
Facebook,https://www.facebook.com/lite/
Facebook,https://www.facebook.com/mobile/?ref=pf
Facebook,https://www.facebook.com/directory/pages/
Facebook,https://www.facebook.com/places/
Facebook,https://www.facebook.com/games/
Facebook,https://www.facebook.com/directory/celebrities/
Facebook,https://www.facebook.com/marketplace/103879976317396/?ref=fb_home
Facebook,https://www.facebook.com/directory/groups/
Facebook,https://www.facebook.com/recipes/
Facebook,https://www.facebook.com/pages/create/?ref_type=sitefooter
Facebook,https://developers.facebook.com/?ref=pf
Facebook,https://www.facebook.com/careers/?ref=pf
Facebook,https://www.facebook.com/privacy/explanation
Facebook,https://www.facebook.com/policies/cookies/
Facebook,https://www.facebook.com/policies?ref=pf
Facebook,https://www.facebook.com/careers/teams/
Facebook,https://www.facebook.com/careers/locations/
Facebook,https://www.facebook.com/careers/university/
Facebook,https://www.facebook.com/careers/benefits/
Facebook,https://www.facebook.com/careers/life/
Facebook,https://www.facebook.com/careers/community/
Facebook,https://www.facebook.com/safety
Facebook,https://www.facebook.com/safety/policies
Facebook,https://www.facebook.com/safety/tools
Facebook,https://www.facebook.com/safety/tools/safety
Facebook,https://www.facebook.com/safety/tools/security
Facebook,https://www.facebook.com/safety/tools/privacy
Facebook,https://www.facebook.com/safety/resources
Facebook,https://www.facebook.com/safety/bullying
Facebook,https://www.facebook.com/safety/bullying/teens
Facebook,https://www.facebook.com/safety/bullying/teens/youarebeingbullied
Facebook,https://www.facebook.com/safety/bullying/teens/yourfriendisbeingbullied
Facebook,https://www.facebook.com/safety/bullying/teens/youarecalledabully
Facebook,https://www.facebook.com/safety/bullying/parents
Facebook,https://www.facebook.com/safety/bullying/parents/mychildisbeingbullied
Facebook,https://www.facebook.com/safety/bullying/parents/mychildisbullyingothers
Facebook,https://www.facebook.com/safety/bullying/educators
Facebook,https://www.facebook.com/safety/bullying/educators/mystudentisbeingbullied
Facebook,https://www.facebook.com/safety/bullying/educators/mystudentisbullyingothers
Facebook,https://www.facebook.com/safety/bullying/educators/prevention
Facebook,https://www.facebook.com/safety/parents
Facebook,https://www.facebook.com/safety/parents/gettoknow
Facebook,https://www.facebook.com/safety/parents/gettoknow/gettingstarted
Facebook,https://www.facebook.com/safety/parents/gettoknow/stayingsafe
Facebook,https://www.facebook.com/safety/parents/tips
Facebook,https://www.facebook.com/safety/parents/expertadvice
Facebook,https://www.facebook.com/help/799880743466869/?ref=sc
Facebook,https://www.facebook.com/help/909243165853369/?helpref=hc_fnav
Facebook,https://www.facebook.com/help/1584206335211143/?helpref=hc_fnav
Facebook,https://www.facebook.com/help/1036755649750898/?helpref=hc_fnav
Facebook,https://www.facebook.com/help/530847210446227/?helpref=hc_fnav
Facebook,https://www.facebook.com/help/269880466696699/?helpref=hc_fnav
Facebook,https://www.facebook.com/help/1719980288275077/?helpref=hc_fnav
Facebook,https://www.facebook.com/help/109378269482053/?helpref=hc_fnav
Facebook,https://www.facebook.com/help/516147308587266/?helpref=hc_fnav
Facebook,https://www.facebook.com/help/1075880512458213/?helpref=hc_fnav
Facebook,https://www.facebook.com/help/610457675797481/?helpref=hc_fnav
Facebook,https://www.facebook.com/help/1701730696756992/?helpref=hc_fnav
Facebook,https://www.facebook.com/help/250563911970368/?helpref=hc_fnav
Facebook,https://www.facebook.com/help/1090831264320592/?helpref=hc_fnav
Facebook,https://www.facebook.com/help/239070709801747/?helpref=hc_fnav
Facebook,https://www.facebook.com/help/1221288724572426/?helpref=hc_fnav
Facebook,https://www.facebook.com/help/1017657581651994/?helpref=hc_fnav
Facebook,https://www.facebook.com/help/1217373834962306/?helpref=hc_fnav
Facebook,https://www.facebook.com/help/1640261589632787/?helpref=hc_fnav
Facebook,https://www.facebook.com/help/1297502253597210/?helpref=hc_fnav
Facebook,https://www.facebook.com/help/1740158369563165/?helpref=hc_fnav
Facebook,https://www.facebook.com/help/280983625624825/?helpref=hc_fnav
Facebook,https://www.facebook.com/help/991335594313139/?helpref=hc_fnav
Facebook,https://www.facebook.com/help/191128814621591/?helpref=hc_fnav
Facebook,https://www.facebook.com/help/1058033620955509/?helpref=hc_fnav
Facebook,https://www.facebook.com/help/248976822124608/?helpref=hc_fnav
Facebook,https://www.facebook.com/help/283100488694834/?helpref=hc_fnav
Facebook,https://www.facebook.com/help/1069521513115444?helpref=hc_global_nav
Facebook,https://www.facebook.com/help/1703757313215897/?helpref=hc_fnav
Facebook,https://www.facebook.com/help/490693151131920/?helpref=hc_fnav
AOL,https://www.aol.com/
AOL,http://corp.aol.com/mission
AOL,http://corp.aol.com/history
AOL,http://corp.aol.com/leadership
AOL,http://corp.aol.com/international
AOL,http://corp.aol.com/our-businesses
AOL,http://corp.aol.com/oath
AOL,http://corp.aol.com/citizen-aol
AOL,http://corp.aol.com/aol-charitable-foundation
AOL,http://corp.aol.com/accessibility
AOL,http://corp.aol.com/life-aol
AOL,http://corp.aol.com/inclusion-and-diversity
AOL,http://corp.aol.com/aol-standards-business-conduct
AOL,http://corp.aol.com/brands#entertainment
AOL,https://build.aol.com/
AOL,https://www.aol.com/video/?on=1
AOL,https://discover.aol.com/brands/aol-advertising
AOL,http://corp.aol.com/advertising#aol-advertising
AOL,https://discover.aol.com/brands
AOL,https://discover.aol.com/products-and-services/aol-app
AOL,https://discover.aol.com/products-and-services/aim
AOL,https://discover.aol.com/products-and-services/aol-computer-checkup
AOL,http://jobs.aol.com/
AOL,https://discover.aol.com/products-and-services/aol-mobile
AOL,http://discover.aol.com/brands/aol-plans
AOL,https://discover.aol.com/brands/aol-reader
AOL,https://discover.aol.com/brands/aol-search
AOL,https://discover.aol.com/products-and-services/aol-toolbar
AOL,https://discover.aol.com/products-and-services/aol-desktop-for-windows
AOL,https://discover.aol.com/brands/autoblog
AOL,https://discover.aol.com/products-and-services/alto-app
AOL,https://discover.aol.com/brands/aol-com
AOL,https://discover.aol.com/products-and-services?tags=downloads
AOL,https://discover.aol.com/products-and-services/aol-mail
AOL,https://discover.aol.com/brands/aol-on
AOL,https://discover.aol.com/brands/aol-radio
AOL,https://discover.aol.com/products-and-services/aol-shield-browser
AOL,https://discover.aol.com/brands/aol-real-estate
AOL,https://discover.aol.com/products-and-services/aol-desktop-for-mac
AOL,https://discover.aol.com/products-and-services/assist-by-aol
AOL,http://www.aol.com/build/
AOL,https://discover.aol.com/brands/cambio
AOL,https://discover.aol.com/brands/crunchbase
AOL,https://help.aol.com/products/data-secure-by-aol
AOL,https://discover.aol.com/brands/games-com
AOL,https://discover.aol.com/brands/engadget
AOL,https://discover.aol.com/products-and-services/huffpost-gps-for-the-soul
AOL,http://help.aol.com/
AOL,https://discover.aol.com/products-and-services/id-protection-by-aol
AOL,https://discover.aol.com/brands/makers
AOL,https://discover.aol.com/brands/mapquest
AOL,https://discover.aol.com/brands/moviefone
AOL,https://discover.aol.com/brands/mandatory
AOL,https://discover.aol.com/brands/mom-me
AOL,http://privacy.aol.com/
AOL,https://discover.aol.com/security
AOL,https://www.aol.com/news/
AOL,https://www.aol.com/entertainment/
AOL,https://www.aol.com/finance/
AOL,https://www.aol.com/lifestyle/
AOL,http://www.aol.com/games/
AOL,https://www.aol.com/shop/?utm_source=aol.com&utm_medium=topnav
AOL,https://www.aol.com/article/shop/2017/04/20/the-one-designer-you-need-to-know-for-this-years-met-gala/22048250/
AOL,https://www.aol.com/us-news/
AOL,https://www.aol.com/world-news/
AOL,https://www.aol.com/politics/
AOL,https://www.aol.com/sports/
AOL,https://www.aol.com/science-tech/
AOL,https://www.aol.com/article/news/2017/04/24/pregnant-serena-williams-shares-heartfelt-message-to-dearest-baby/22053560/
AOL,https://www.aol.com/article/news/2017/04/24/us-carrier-group-heads-for-korean-waters-china-calls-for-restra/22053039/
AOL,https://www.aol.com/article/news/2017/04/24/entire-us-senate-to-go-to-white-house-for-north-korea-briefing/22053582/
AOL,https://www.aol.com/article/news/2017/04/24/arkansas-plans-to-execute-two-convicts-monday/22052889/
AOL,https://www.aol.com/article/news/2017/04/24/indiana-university-will-ban-athletes-with-history-of-sexual-viol/22053257/
AOL,https://search.aol.com/aol/newtab?s_it=comsearch-nt
AOL,https://search.aol.com/aol/search?s_it=newtab&v_t=comsearch-nt&q=abc
AOL,https://search.aol.com/aol/image?q=abc&s_it=searchtabs&v_t=comsearch-nt
AOL,https://search.aol.com/aol/video?q=abc&s_it=searchtabs&v_t=comsearch-nt
AOL,https://search.aol.com/aol/news?q=abc&s_it=searchtabs&v_t=comsearch-nt
Google,https://www.google.com/
Google,https://www.google.com/intl/en/ads/?fg=1&utm_expid=95258301-48.Nx6Rrpi6Q1GQ3fWV6gpEPg.0&utm_referrer=https%3A%2F%2Fwww.google.com%2F
Google,https://www.google.com/services/?fg=1#?modal_active=none
Google,https://www.google.com/intl/en/about/
Google,https://www.google.com/intl/en/about/products/
Google,https://www.google.com/intl/en/policies/privacy/?fg=1
Google,https://www.google.com/intl/en/policies/
Google,https://www.google.com/intl/en/policies/terms/
Google,https://www.google.com/intl/en/policies/technologies/
Google,https://www.google.com/intl/en/policies/faq/
Google,https://www.google.com/intl/en/safetycenter/
Google,https://www.google.com/intl/en/safetycenter/everyone/start/
Google,https://www.google.com/intl/en/safetycenter/families/start/
Google,https://www.google.com/intl/en/safetycenter/tools/
Google,https://www.google.com/intl/en/safetycenter/everyone/start/password/
Google,https://www.google.com/intl/en/safetycenter/everyone/start/signing-out/
Google,https://www.google.com/intl/en/safetycenter/everyone/start/accounts/
Google,https://www.google.com/intl/en/safetycenter/everyone/start/gmail/
Google,https://www.google.com/intl/en/safetycenter/everyone/start/safe-networks/
Google,https://www.google.com/intl/en/safetycenter/everyone/start/locking/
Google,https://www.google.com/intl/en/safetycenter/everyone/start/devices/
Google,https://www.google.com/intl/en/safetycenter/everyone/start/online-shopping-tips/
Google,https://www.google.com/intl/en/safetycenter/families/start/security/
Google,https://www.google.com/intl/en/safetycenter/families/start/basics/
Google,https://www.google.com/intl/en/safetycenter/families/start/mobile/
Google,https://www.google.com/intl/en/safetycenter/families/explore/
Google,https://www.google.com/intl/en/safetycenter/families/explore/age-appropriate/
Google,https://www.google.com/intl/en/safetycenter/families/explore/content-credibility/
Google,https://www.google.com/intl/en/safetycenter/families/manage/
Google,https://www.google.com/intl/en/safetycenter/families/manage/personal-information/
Google,https://www.google.com/intl/en/safetycenter/families/manage/connections/
Google,https://www.google.com/intl/en/safetycenter/families/manage/bully/
Google,https://www.google.com/intl/en/safetycenter/everyone/cybercrime/
Google,https://www.google.com/intl/en/safetycenter/everyone/cybercrime/scams/
Google,https://www.google.com/intl/en/safetycenter/everyone/cybercrime/fraud/
Google,https://www.google.com/intl/en/safetycenter/everyone/cybercrime/identity-theft/
Google,https://www.google.com/intl/en/safetycenter/everyone/cybercrime/identity-theft-help/
Google,https://www.google.com/intl/en/safetycenter/everyone/cybercrime/devices/
Google,https://www.google.com/intl/en/safetycenter/everyone/cybercrime/devices-help/
Google,https://www.google.com/culturalinstitute/beta/u/0/entity/%2Fm%2F075ch5?hl=en
Google,https://www.google.com/ads/publisher/?sourceid=awo&subid=ww-ww-et-adsexp_publ_v2#?modal_active=none
Google,https://www.google.com/#q=google
Google,https://www.google.com/#q=wikipedia
Google,https://www.google.com/#q=wikipedia&tbm=bks
Google,https://www.google.com/#q=wikipedia&tbm=nws
Google,https://www.google.com/search?q=wikipedia&tbm=isch&source=lnms&sa=X&ved=0ahUKEwjO7f2Rqb7TAhXGOSYKHQSkCsoQ_AUICSgE&biw=1152&bih=979
Google,https://www.google.com/search?q=wikipedia&tbm=isch&source=lnms&sa=X&ved=0ahUKEwjO7f2Rqb7TAhXGOSYKHQSkCsoQ_AUICSgE&biw=1152&bih=979#tbm=isch&q=google
Google,https://www.google.com/search?q=google&tbm=vid&source=lnms&sa=X&ved=0ahUKEwjmhsSdqb7TAhUpIMAKHRMJDaIQ_AUIBygC&biw=1152&bih=979&dpr=1
Google,https://www.google.com/search?q=google&tbm=vid&source=lnms&sa=X&ved=0ahUKEwjmhsSdqb7TAhUpIMAKHRMJDaIQ_AUIBygC&biw=1152&bih=979&dpr=1#q=google&tbm=nws
Google,https://www.google.com/search?q=google&tbm=vid&source=lnms&sa=X&ved=0ahUKEwjmhsSdqb7TAhUpIMAKHRMJDaIQ_AUIBygC&biw=1152&bih=979&dpr=1#tbm=nws&q=ibm
Google,https://www.google.com/search?q=google&tbm=vid&source=lnms&sa=X&ved=0ahUKEwjmhsSdqb7TAhUpIMAKHRMJDaIQ_AUIBygC&biw=1152&bih=979&dpr=1#q=ibm
Google,https://www.google.com/search?q=ibm&hl=en&site=webhp&source=lnms&tbm=isch&sa=X&ved=0ahUKEwjo95O1qb7TAhWCbSYKHV_xBQMQ_AUICCgD&biw=1152&bih=979
Microsoft,https://www.microsoft.com/en-us/
Microsoft,https://www.microsoft.com/en-us/windows
Microsoft,https://www.microsoft.com/en-us/windows/get-windows-10
Microsoft,https://www.microsoft.com/en-us/windows/compare
Microsoft,https://www.microsoft.com/en-us/windows/windows-10-specifications
Microsoft,https://www.microsoft.com/en-us/windows/devices
Microsoft,https://www.microsoft.com/en-us/windows/compete
Microsoft,https://www.microsoft.com/en-us/windows/view-all?col=laptops#icons
Microsoft,https://www.microsoft.com/en-us/windows/windows-10-apps
Microsoft,https://www.microsoft.com/en-us/download
Microsoft,https://www.microsoft.com/en-us/download/windows.aspx
Microsoft,https://www.microsoft.com/en-us/download/office.aspx
Microsoft,https://www.microsoft.com/en-us/download/internet-explorer.aspx
Microsoft,https://www.microsoft.com/en-us/download/developer-tools.aspx
Microsoft,https://www.microsoft.com/en-us/download/xbox.aspx
Microsoft,https://www.microsoft.com/en-us/download/windowsphone.aspx
Microsoft,https://www.microsoft.com/en-us/mobile/apps/lumia/
Microsoft,https://www.microsoft.com/en-us/mobile/experiences/lumia-voices/
Microsoft,https://www.microsoft.com/en-us/mobile/phone/lumia950/
Microsoft,https://www.microsoft.com/en-us/mobile/phone/lumia950/features/
Microsoft,https://www.microsoft.com/en-us/mobile/phone/lumia950/why-lumia/
Microsoft,https://www.microsoft.com/en-us/mobile/phone/lumia950/specifications/
Microsoft,https://www.microsoft.com/en-us/mobile/phone/lumia950-xl-dual-sim/
Microsoft,https://www.microsoft.com/en-us/mobile/phone/lumia950-xl-dual-sim/features/
Microsoft,https://www.microsoft.com/en-us/mobile/phone/lumia950-xl-dual-sim/why-lumia/
Microsoft,https://www.microsoft.com/en-us/mobile/phone/lumia950-xl-dual-sim/specifications/
Microsoft,https://www.microsoft.com/en-us/mobile/phones/all/#order_by=latest
Microsoft,https://www.microsoft.com/en-us/diversity/
Microsoft,https://www.microsoft.com/en-us/diversity/business-of-inclusion/default.aspx
Microsoft,https://www.microsoft.com/en-us/diversity/inside-microsoft
Microsoft,https://www.microsoft.com/en-us/diversity/training/default.aspx
Microsoft,https://www.microsoft.com/en-us/diversity/beyond-microsoft/default.aspx
Microsoft,https://www.microsoft.com/en-us/diversity/events/default.aspx
Microsoft,https://www.microsoft.com/en-us/diversity/diversity-stories/default.aspx
Microsoft,https://www.microsoft.com/en-us/accessibility/home
Microsoft,https://www.microsoft.com/en-us/Accessibility/windows
Microsoft,https://www.microsoft.com/en-us/Accessibility/office
Microsoft,https://www.microsoft.com/en-us/Accessibility/accessibility-conformance-reports
Microsoft,https://www.microsoft.com/en-us/Accessibility/accessibility-standards-for-policymakers
Microsoft,https://www.microsoft.com/en-us/Accessibility/assistive-technology-partners
Microsoft,https://www.microsoft.com/en-us/education
Microsoft,https://www.microsoft.com/en-us/education/educators/default.aspx
Microsoft,https://www.microsoft.com/en-us/education/students/default.aspx
Apple,https://www.apple.com/
Apple,https://www.apple.com/mac/
Apple,https://www.apple.com/ipad/
Apple,https://www.apple.com/iphone/
Apple,https://www.apple.com/watch/
Apple,https://www.apple.com/tv/
Apple,https://www.apple.com/music/
Apple,https://www.apple.com/itunes/
Apple,https://www.apple.com/ipod/
Apple,https://www.apple.com/shop/accessories/all-accessories
Apple,https://www.apple.com/shop/gift-cards
Apple,https://www.apple.com/retail/
Apple,https://www.apple.com/retail/geniusbar/
Apple,https://www.apple.com/retail/learn/
Apple,https://www.apple.com/retail/learn/youth/
Apple,https://www.apple.com/shop/browse/home/specialdeals
Apple,https://www.apple.com/shop/browse/financing
Apple,https://www.apple.com/recycling/
Apple,https://www.apple.com/shop/account/home
Apple,https://www.apple.com/shop/help
Apple,https://www.apple.com/education/
Apple,https://www.apple.com/us-hed/shop
Apple,https://www.apple.com/business/
Apple,https://www.apple.com/retail/business/
Apple,https://www.apple.com/us-hed/shop/account/home
Apple,https://www.apple.com/accessibility/
Apple,https://www.apple.com/accessibility/mac/
Apple,https://www.apple.com/accessibility/ipad/
Apple,https://www.apple.com/accessibility/iphone/
Apple,https://www.apple.com/accessibility/watch/
Apple,https://www.apple.com/accessibility/tv/
Apple,https://www.apple.com/education/connectED/
Apple,https://www.apple.com/education/products/
Apple,https://www.apple.com/education/it/
Apple,https://www.apple.com/education/teachers/
Apple,https://www.apple.com/education/purchasing/
Apple,https://www.apple.com/environment/
Apple,https://www.apple.com/environment/climate-change/
Yahoo,https://www.yahoo.com/
Yahoo,https://www.yahoo.com/news/
Yahoo,https://sports.yahoo.com/
Yahoo,https://finance.yahoo.com/
Yahoo,https://www.yahoo.com/news/politics/
Yahoo,https://www.yahoo.com/celebrity/
Yahoo,https://www.yahoo.com/tv/
Yahoo,https://www.yahoo.com/style/
Yahoo,https://www.yahoo.com/everything/
Yahoo,https://advertising.yahoo.com/
Yahoo,https://answers.yahoo.com/
Yahoo,https://www.yahoo.com/news/tagged/autos
Yahoo,https://www.yahoo.com/beauty
Yahoo,https://developer.yahoo.com/
Yahoo,https://downloads.yahoo.com/
Yahoo,https://sports.yahoo.com/fantasy/
Yahoo,https://groups.yahoo.com/neo
Yahoo,https://help.yahoo.com/kb/account
Yahoo,https://messenger.yahoo.com/
Yahoo,https://mobile.yahoo.com/
Yahoo,https://www.yahoo.com/movies/
Yahoo,https://www.yahoo.com/music/
Yahoo,https://www.yahoo.com/news/?ref=gs
Yahoo,https://search.yahoo.com/
Yahoo,https://safety.yahoo.com/Security/
Yahoo,https://shopping.yahoo.com/
Yahoo,https://smarttv.yahoo.com/
Dropbox,https://www.dropbox.com/
Dropbox,https://www.dropbox.com/business
Dropbox,https://www.dropbox.com/business/pricing
Dropbox,https://www.dropbox.com/business/plans-comparison
Dropbox,https://www.dropbox.com/business/tour
Dropbox,https://www.dropbox.com/business/trust
Dropbox,https://www.dropbox.com/business/customers
Dropbox,https://www.dropbox.com/business/app-integrations
Dropbox,https://www.dropbox.com/business/articles-videos
Dropbox,https://www.dropbox.com/business/faqs
Dropbox,https://www.dropbox.com/paper
Dropbox,https://www.dropbox.com/business/smartsync
Dropbox,https://www.dropbox.com/install
Dropbox,https://www.dropbox.com/mobile
Dropbox,https://www.dropbox.com/plans?trigger=homepagefoot
Dropbox,https://www.dropbox.com/enterprise
Dropbox,https://blogs.dropbox.com/business/
Dropbox,https://www.dropbox.com/business/partners
Dropbox,https://www.dropbox.com/news
Dropbox,https://www.dropbox.com/news/company-info
Dropbox,https://www.dropbox.com/productivity
Dropbox,https://www.dropbox.com/developers
Dropbox,https://www.dropbox.com/dmca
Dropbox,https://www.dropbox.com/help/4213